﻿Title,Reservation,OpenDate,PosterURL
썬더볼츠,22.1,2025.04.30,https://img.cgv.co.kr/Movie/Thumbnail/Poster/000089/89578/89578_320.jpg
A MINECRAFT MOVIE 마인크래프트 무비,14.2,2025.04.26,https://img.cgv.co.kr/Movie/Thumbnail/Poster/000089/89528/89528_320.jpg
파과,13.6,2025.04.30,https://img.cgv.co.kr/Movie/Thumbnail/Poster/000089/89568/89568_320.jpg
거룩한 밤: 데몬 헌터스,12.9,2025.04.30,https://img.cgv.co.kr/Movie/Thumbnail/Poster/000089/89548/89548_320.jpg
야당,9.0,2025.04.16,https://img.cgv.co.kr/Movie/Thumbnail/Poster/000089/89454/89454_320.jpg
스노우 폭스2: 몬스터타운 구하기,3.2,2025.04.26,https://img.cgv.co.kr/Movie/Thumbnail/Poster/000089/89563/89563_320.jpg
해피엔드,2.9,2025.04.30,https://img.cgv.co.kr/Movie/Thumbnail/Poster/000089/89520/89520_320.jpg
시크릿쥬쥬 마법의 하모니,1.0,2025.05.01,https://img.cgv.co.kr/Movie/Thumbnail/Poster/000089/89582/89582_320.jpg
콘클라베,0.7,2025.03.05,https://img.cgv.co.kr/Movie/Thumbnail/Poster/000089/89425/89425_320.jpg
우리가 빛이라 상상하는 모든 것,0.6,2025.04.23,https://img.cgv.co.kr/Movie/Thumbnail/Poster/000089/89598/89598_320.jpg
귀멸의 칼날-주합회의·나비저택 편,0.4,"2025.05.02 
                                재",https://img.cgv.co.kr/Movie/Thumbnail/Poster/000086/86080/86080_320.jpg
볼레로: 불멸의 선율,0.4,2025.04.30,https://img.cgv.co.kr/Movie/Thumbnail/Poster/000089/89586/89586_320.jpg
달팽이의 회고록,0.4,2025.04.30,https://img.cgv.co.kr/Movie/Thumbnail/Poster/000089/89595/89595_320.jpg
은혼 더 파이널,0.4,"2025.04.18 
                                재",https://img.cgv.co.kr/Movie/Thumbnail/Poster/000084/84818/84818_320.jpg
베러맨,0.3,2025.04.09,https://img.cgv.co.kr/Movie/Thumbnail/Poster/000089/89517/89517_320.jpg
승부,0.2,2025.03.26,https://img.cgv.co.kr/Movie/Thumbnail/Poster/000089/89485/89485_320.jpg
압수수색: 내란의 시작,0.2,2025.04.23,https://img.cgv.co.kr/Movie/Thumbnail/Poster/000089/89599/89599_320.jpg
극장판 블리치 : 메모리즈 오브 노바디,0.1,2025.05.02,https://img.cgv.co.kr/Movie/Thumbnail/Poster/000089/89647/89647_320.jpg
마리아,0.1,2025.04.16,https://img.cgv.co.kr/Movie/Thumbnail/Poster/000089/89513/89513_320.jpg
제목 없음,0.0,정보 없음,이미지 없음
