id,price,title
1,1001,Item 1
2,1002,Item 2
3,1003,Item 3
4,1004,Item 4
5,1005,Item 5
6,1006,Item 6
7,1007,Item 7
8,1008,Item 8
9,1009,Item 9
10,1010,Item 10
11,1011,Item 11
12,1012,Item 12
13,1013,Item 13
14,1014,Item 14
15,1015,Item 15
16,1016,Item 16
17,1017,Item 17
18,1018,Item 18
19,1019,Item 19
20,1020,Item 20
21,1021,Item 21
22,1022,Item 22
23,1023,Item 23
24,1024,Item 24
25,1025,Item 25
26,1026,Item 26
27,1027,Item 27
28,1028,Item 28
29,1029,Item 29
30,1030,Item 30
31,1031,Item 31
32,1032,Item 32
33,1033,Item 33
34,1034,Item 34
35,1035,Item 35
36,1036,Item 36
37,1037,Item 37
38,1038,Item 38
39,1039,Item 39
40,1040,Item 40
41,1041,Item 41
42,1042,Item 42
43,1043,Item 43
44,1044,Item 44
45,1045,Item 45
46,1046,Item 46
47,1047,Item 47
48,1048,Item 48
49,1049,Item 49
50,1050,Item 50
